Seg,Truth,Dice,Jaccard,MSI,FN,FP,TN,TP,Recall_Sensitivity_TPR,Specificity_TNR,Fallout_FPR,Precision_PPV,Accuracy_ACC,AUC,KAP,ARI,ICC,VS,MI,VOI,PBD,GCE,HD,AVD,MHD
C:\Users\WXC4\OneDrive - FDA\Documents\Research\DigiPath\ImageSegmentationSynthesis\MISS-tool\seg_mask.png,C:\Users\WXC4\OneDrive - FDA\Documents\Research\DigiPath\ImageSegmentationSynthesis\MISS-tool\truth_mask.png,0.779587146875867,0.638789688981235,0.0765282218209072,2305,3258,114199,9838,0.810178703779955,0.972262189567246,0.0277378104327541,0.751221747098351,0.957075617283951,0.891220446673601,0.755847231584766,0.716481744064431,0.779420532173231,0.962240976266889,0.240844808070958,0.439311323675737,0.0011087459989078,0.0792428754092225,28,2.01735931224946,0.647134365765447
